{"98": 1186.782498123526, "12": 936.8316688299753, "16": 1206.2494387488716, "67": 1316.017661848164, "1": 1287.2691795299838, "9": 1207.2331771029963, "7": 1218.3282810179098, "0": 1209.1449097298291, "100": 1232.1431850687436}